Houses,Waters,Runs,Mean,Highest Value,Lowest Value,Runtime/map
40,3,100000,16296255.587100001,19198530.0,15057510.0,0.005637510001659393
