Houses,Waters,Runs,Mean,Highest Value,Lowest Value,Runtime/map
60,1,100000,23494953.812400006,26154060.0,22352220.0,0.03478638000011444
