Houses,Waters,Runs,Mean,Highest Value,Lowest Value,Runtime/map
40,1,100000,16254049.973699998,18759270.0,15095580.0,0.005316670000553131
