Houses,Waters,Runs,Mean,Highest Value,Lowest Value,Runtime/map
40,3,100000,16311870.254100006,19063020.0,15013380.0,0.005709630000591278
